{"cameraMode":{"drawMode":0,"name":"Shaded","section":"Shading Mode"},"sceneLighting":false,"audioPlay":false,"sceneViewState":{"m_AlwaysRefresh":false,"showFog":true,"showSkybox":false,"showFlares":true,"showImageEffects":true,"showParticleSystems":true,"showVisualEffectGraphs":true,"m_FxEnabled":true},"in2DMode":false,"pivot":{"x":-7.383427619934082,"y":-3.5349526405334474,"z":-0.42584139108657839},"rotation":{"x":-0.23369456827640534,"y":-0.15038426220417024,"z":0.03661317005753517,"w":-0.9599068760871887},"size":92.58485412597656,"orthographic":false}